{
  "fisher_z_normal": {
    "mu": 0.54759294567355,
    "sigma": 0.06364159775524367,
    "ks_D": 0.018114407994806014,
    "ks_p": 0.7015315454198416
  },
  "beta_mapped": {
    "alpha": 246.82764943367565,
    "beta": 82.8905886849575,
    "ks_D": 0.01930518491499733,
    "ks_p": 0.6238993111522457
  }
}