{
  "mu_hat": -0.1665635488970299,
  "s_hat": 1.0487403169808074,
  "iterations": 16,
  "converged": true,
  "score_norm": 3.2058905977823935e-06
}